6,24,8,12,0,28,4,1,40,1,32,0,1,0,0
5,30,8,15,9,26,4,2,60,1,32,0,0,0,1
5,30,8,15,11,26,4,1,36,1,32,0,0,1,0
5,30,8,15,16,26,4,1,36,1,32,0,0,1,0
5,30,8,15,20,26,4,1,36,1,32,0,0,1,0
5,30,8,20,55,18,0,2,64,3,31,0,0,1,0
5,30,8,20,58,18,0,2,64,3,31,0,0,1,0
5,30,8,21,1,18,0,2,64,3,31,0,0,1,0
5,30,8,21,4,18,0,2,64,3,31,0,0,1,0
5,30,8,21,7,18,0,2,64,3,31,0,0,1,0
5,30,8,21,10,18,0,2,64,3,31,0,0,1,0
5,30,8,21,13,18,0,2,64,3,31,0,0,1,0
5,30,8,21,16,18,0,2,64,3,31,0,0,1,0
5,30,8,21,19,18,0,2,64,3,31,0,0,1,0
5,30,8,21,22,18,0,2,64,3,31,0,0,1,0
5,30,8,21,26,18,0,2,64,3,31,0,0,1,0
5,30,8,21,29,18,0,2,64,3,31,0,0,1,0
5,30,8,21,32,18,0,2,64,3,31,0,0,1,0
5,30,8,21,35,18,0,2,64,3,31,0,0,1,0
5,30,8,21,39,18,5,2,64,3,31,0,0,1,0
5,30,8,21,42,18,5,2,64,3,31,0,0,1,0
5,30,8,21,45,18,5,2,64,3,31,0,0,1,0
5,30,8,21,48,18,5,2,64,3,31,0,0,1,0
5,30,8,21,51,18,5,2,64,3,31,0,0,1,0
5,30,8,21,55,18,5,2,64,3,31,0,0,0,1
5,30,8,21,58,18,5,2,64,3,31,0,0,0,1
5,30,8,22,1,18,5,2,64,3,31,0,0,0,1
5,30,8,22,4,18,5,2,64,3,31,0,0,0,1
5,30,8,22,7,18,5,2,64,3,31,0,0,0,1
5,30,8,22,10,18,5,2,64,3,31,0,0,0,1
5,30,8,22,13,18,5,2,64,3,31,0,0,0,1
5,30,8,22,16,18,5,2,64,3,31,0,0,0,1
5,30,8,22,20,18,5,2,64,3,31,0,0,0,1
5,30,8,22,23,18,5,2,64,3,31,0,0,0,1
5,30,8,22,26,18,5,2,64,3,31,0,0,0,1
5,30,8,22,29,18,5,2,64,3,31,0,0,0,1
5,30,8,22,32,18,5,2,64,3,31,0,0,0,1
5,30,8,22,35,18,5,2,64,3,31,0,0,0,1
5,30,8,22,38,18,5,2,64,3,31,0,0,0,1
6,31,8,7,34,16,5,1,68,1,31,0,0,0,1
6,31,8,7,37,16,5,1,68,1,31,0,0,0,1
6,31,8,7,40,17,4,1,61,1,32,0,0,0,1
6,31,8,7,43,17,4,1,61,1,32,0,0,0,1
6,31,8,7,46,17,4,1,61,1,32,0,0,0,1
6,31,8,7,49,17,4,1,61,1,32,0,0,0,1
6,31,8,7,52,17,4,1,61,1,32,0,0,1,0
6,31,8,7,55,17,4,1,61,1,32,0,0,1,0
6,31,8,7,59,17,4,1,61,1,32,0,0,0,1
6,31,8,8,2,17,4,1,61,1,32,0,0,0,1
6,31,8,11,54,26,4,1,33,1,32,0,0,0,1
6,31,8,11,57,26,4,1,33,1,32,0,0,0,1
6,31,8,12,0,26,4,1,33,1,32,0,0,0,1
6,31,8,12,3,26,4,1,33,1,32,0,0,0,1
6,31,8,12,6,26,4,1,33,1,32,0,0,0,1
6,31,8,12,9,26,4,1,33,1,32,0,0,0,1
6,31,8,12,12,26,4,1,33,1,32,0,0,0,1
6,31,8,12,15,26,4,1,33,1,32,0,0,0,1
6,31,8,12,18,26,4,1,33,1,32,0,0,0,1
6,31,8,12,21,26,4,1,33,1,32,0,0,1,0
6,31,8,12,24,26,4,1,33,1,32,0,0,1,0
6,31,8,12,27,26,4,1,33,1,32,0,0,1,0
6,31,8,12,30,26,4,1,33,1,32,0,0,1,0
6,31,8,12,34,26,4,1,33,1,32,0,0,1,0
6,31,8,12,37,26,4,1,33,1,32,0,0,1,0
6,31,8,12,41,26,4,1,33,1,32,0,0,1,0
6,31,8,12,44,27,4,1,30,1,32,0,0,1,0
6,31,8,12,47,27,4,1,30,1,32,0,0,1,0
6,31,8,12,51,27,4,1,30,1,32,0,0,1,0
6,31,8,12,54,27,4,1,30,1,32,0,0,1,0
6,31,8,12,57,27,4,1,30,1,32,0,0,1,0
6,31,8,13,0,27,4,1,30,1,32,0,0,1,0
6,31,8,13,20,27,4,1,30,1,32,0,0,1,0
6,31,8,13,23,27,4,1,30,1,32,0,0,1,0
6,31,8,13,26,27,4,1,30,1,32,0,0,1,0
6,31,8,13,29,27,4,1,30,1,32,0,0,1,0
6,31,8,13,32,27,4,1,30,1,32,0,0,1,0
6,31,8,13,35,27,4,1,30,1,32,0,0,1,0
6,31,8,13,40,27,4,1,30,1,32,0,0,1,0
6,31,8,13,48,28,4,1,30,1,32,0,0,1,0
6,31,8,13,54,28,4,1,30,1,32,0,0,1,0
6,31,8,13,57,28,4,1,30,1,32,0,0,1,0
6,31,8,14,0,28,4,1,30,1,32,0,0,1,0
6,31,8,14,3,28,4,1,30,1,32,0,0,1,0
6,31,8,14,6,28,4,1,30,1,32,0,0,1,0
6,31,8,14,9,28,4,1,30,1,32,0,0,1,0
6,31,8,14,12,28,4,1,30,1,32,0,0,1,0
6,31,8,14,15,28,4,1,30,1,32,0,0,1,0
6,31,8,14,18,28,4,1,30,1,32,0,0,1,0
6,31,8,14,21,28,4,1,30,1,32,0,0,1,0
6,31,8,14,25,28,4,1,30,1,32,0,0,1,0
6,31,8,14,28,28,4,1,30,1,32,0,0,1,0
6,31,8,14,31,28,4,1,30,1,32,0,1,0,0
6,31,8,14,34,28,4,1,30,1,32,0,0,1,0
6,31,8,14,37,28,4,1,30,1,32,0,0,1,0
6,31,8,14,40,28,4,1,30,1,32,0,0,1,0
6,31,8,14,43,28,4,1,30,1,32,0,1,0,0
6,31,8,14,46,28,4,1,30,1,32,0,0,1,0
6,31,8,14,49,28,0,1,30,5,34,0,0,1,0
6,31,8,14,55,28,6,1,30,5,34,0,0,1,0
6,31,8,16,1,28,6,1,30,5,34,0,0,1,0
6,31,8,16,4,28,6,1,30,5,34,0,0,1,0
6,31,8,16,7,28,6,1,30,5,34,0,1,0,0
6,31,8,16,10,28,6,1,30,5,34,0,0,1,0
6,31,8,16,13,28,6,1,30,5,34,0,0,1,0
6,31,8,16,16,28,6,1,30,5,34,0,0,1,0
6,31,8,16,19,28,6,1,30,5,34,0,0,1,0
6,31,8,16,22,28,6,1,30,5,34,0,0,1,0
6,31,8,16,25,28,6,1,30,5,34,0,0,1,0
6,31,8,16,29,28,6,1,30,5,34,0,0,1,0
6,31,8,16,52,27,6,1,35,5,34,0,0,0,1
6,31,8,16,55,27,6,1,35,5,34,0,0,0,1
6,31,8,16,58,27,6,1,35,5,34,0,0,0,1
6,31,8,17,1,27,6,1,35,5,34,0,0,0,1
6,31,8,17,4,27,6,1,35,5,34,0,0,0,1
6,31,8,17,7,27,6,1,35,5,34,0,0,0,1
6,31,8,17,10,27,6,1,35,5,34,0,0,0,1
6,31,8,17,13,27,6,1,35,5,34,0,0,0,1
6,31,8,17,16,27,6,1,35,5,34,0,0,0,1
6,31,8,17,20,27,6,1,35,5,34,0,0,0,1
6,31,8,17,23,27,6,1,35,5,34,0,0,0,1
6,31,8,17,26,27,6,1,35,5,34,0,0,0,1
6,31,8,17,29,27,6,1,35,5,34,0,0,0,1
6,31,8,17,32,27,6,1,35,5,34,0,0,0,1
6,31,8,17,35,27,6,1,35,5,34,0,0,0,1
6,31,8,17,38,27,6,1,35,5,34,0,0,0,1
6,31,8,17,41,27,6,1,35,5,34,0,0,1,0
6,31,8,17,44,27,6,1,35,5,34,0,0,1,0
6,31,8,17,47,27,6,1,35,5,34,0,0,1,0
6,31,8,17,50,25,6,1,38,5,34,0,0,1,0
6,31,8,17,54,25,6,1,38,5,34,0,0,1,0
6,31,8,17,57,25,6,1,38,5,34,0,0,1,0
6,31,8,18,1,25,6,1,38,5,34,0,0,1,0
6,31,8,18,4,25,6,1,38,5,34,0,0,1,0
6,31,8,18,7,25,6,1,38,5,34,0,0,1,0
6,31,8,18,10,25,6,1,38,5,34,0,0,1,0
6,31,8,18,13,25,6,1,38,5,34,0,0,1,0
6,31,8,18,16,25,6,1,38,5,34,0,0,1,0
6,31,8,18,19,25,6,1,38,5,34,0,1,0,0
6,31,8,18,22,25,6,1,38,5,34,0,1,0,0
6,31,8,18,25,25,6,2,38,4,34,0,1,0,0
6,31,8,18,28,25,6,2,38,4,34,0,1,0,0
6,31,8,18,31,25,6,2,38,4,34,0,1,0,0
6,31,8,18,34,25,6,2,38,4,34,0,1,0,0
6,31,8,18,37,25,6,2,38,4,34,0,1,0,0
6,31,8,18,40,25,6,2,38,4,34,0,1,0,0
6,31,8,18,43,25,6,2,38,4,34,0,1,0,0
6,31,8,18,46,25,6,2,38,4,34,0,1,0,0
6,31,8,18,50,25,6,2,38,4,34,0,1,0,0
6,31,8,18,53,25,6,2,38,4,34,0,1,0,0
6,31,8,18,56,23,2,2,46,4,30,0,1,0,0
6,31,8,18,59,23,2,2,46,4,30,0,1,0,0
6,31,8,19,2,23,2,2,46,4,30,0,1,0,0
6,31,8,19,5,23,2,2,46,4,30,0,1,0,0
6,31,8,19,8,23,2,2,46,4,30,0,1,0,0
6,31,8,19,11,23,2,2,46,4,30,0,1,0,0
6,31,8,19,14,23,2,2,46,4,30,0,0,0,1
6,31,8,19,17,23,2,2,46,4,30,0,0,0,1
6,31,8,19,20,23,2,2,46,4,30,0,0,0,1
6,31,8,19,24,23,2,2,46,4,30,0,0,0,1
6,31,8,19,27,23,2,2,46,4,30,0,0,0,1
6,31,8,19,30,23,2,2,46,4,30,0,0,0,1
6,31,8,19,33,23,2,2,46,4,30,0,0,0,1
6,31,8,19,36,23,2,2,46,4,30,0,0,0,1
6,31,8,19,39,23,2,2,46,4,30,0,0,0,1
6,31,8,19,42,23,2,2,46,4,30,0,0,0,1
6,31,8,19,45,23,2,2,46,4,30,0,0,0,1
6,31,8,20,15,22,0,2,50,3,33,0,0,0,1
6,31,8,20,33,22,7,2,50,3,33,0,0,0,1
6,31,8,20,37,22,7,2,50,3,33,0,0,0,1
6,31,8,20,40,22,7,2,50,3,33,0,0,0,1
6,31,8,20,43,22,7,2,50,3,33,0,0,0,1
6,31,8,20,46,22,7,2,50,3,33,0,0,0,1
6,31,8,20,49,22,7,2,50,3,33,0,0,0,1
7,1,9,18,30,23,1,1,61,6,28,0,0,0,1
7,1,9,18,33,23,1,1,61,6,28,0,0,0,1
7,1,9,18,37,23,1,1,61,6,28,0,0,0,1
7,1,9,18,40,23,1,1,61,6,28,0,0,0,1
7,1,9,18,43,19,2,2,82,4,30,0,0,0,1
7,1,9,18,46,19,2,2,82,4,30,0,0,0,1
7,1,9,18,49,19,2,2,82,4,30,0,0,0,1
7,1,9,18,52,19,2,2,82,4,30,0,0,0,1
7,1,9,18,55,19,2,2,82,4,30,0,0,0,1
7,1,9,18,58,19,2,2,82,4,30,0,0,0,1
7,1,9,19,1,19,2,2,82,4,30,0,0,0,1
7,1,9,19,4,19,2,2,82,4,30,0,0,0,1
7,1,9,19,7,19,2,2,82,4,30,0,0,0,1
7,1,9,19,10,19,2,2,82,4,30,0,0,0,1
7,1,9,19,13,19,2,2,82,4,30,0,0,0,1
7,1,9,19,16,19,2,2,82,4,30,0,0,0,1
7,1,9,19,19,19,2,2,82,4,30,0,0,0,1
7,1,9,19,22,19,2,2,82,4,30,0,0,0,1
7,1,9,19,25,19,2,2,82,4,30,0,0,0,1
7,1,9,19,29,19,2,2,82,4,30,0,0,0,1
7,1,9,19,32,19,2,2,82,4,30,0,0,0,1
7,1,9,19,35,19,2,2,82,4,30,0,0,0,1
7,1,9,19,38,19,2,2,82,4,30,0,0,0,1
7,1,9,19,41,19,2,2,82,4,30,0,0,0,1
7,1,9,19,44,19,2,2,82,4,30,0,0,0,1
7,1,9,19,47,19,2,2,82,4,30,0,0,0,1
7,1,9,19,51,19,2,2,82,4,30,0,0,0,1
7,1,9,19,54,19,2,2,82,4,30,0,0,0,1
7,1,9,19,57,19,2,2,82,4,30,0,0,0,1
7,1,9,20,0,19,2,2,82,4,30,0,0,0,1
7,1,9,20,3,19,2,2,82,4,30,0,0,0,1
7,1,9,20,6,19,2,2,82,4,30,0,0,0,1
7,1,9,20,9,19,2,2,82,4,30,0,0,0,1
7,1,9,20,12,19,2,2,82,4,30,0,0,0,1
7,1,9,20,15,19,2,2,82,4,30,0,0,0,1
7,1,9,20,18,17,2,2,87,4,29,0,0,0,1
7,1,9,20,21,17,2,2,87,4,29,0,0,0,1
7,1,9,20,24,17,2,2,87,4,29,0,0,0,1
7,1,9,20,27,17,2,2,87,4,29,0,0,0,1
7,1,9,20,30,17,2,2,87,4,29,0,0,0,1
7,1,9,20,33,17,2,2,87,4,29,0,0,0,1
7,1,9,20,36,17,2,2,87,4,29,0,0,0,1
7,1,9,20,39,17,2,2,87,4,29,0,0,0,1
7,1,9,20,42,17,2,2,87,4,29,0,0,0,1
7,1,9,20,45,17,2,2,87,4,29,0,0,0,1
7,1,9,20,48,17,2,2,87,4,29,0,0,0,1
7,1,9,20,51,17,2,2,87,4,29,0,0,0,1
7,1,9,20,54,17,2,2,87,4,29,0,0,0,1
7,1,9,20,57,17,2,2,87,4,29,0,0,0,1
7,1,9,21,0,17,2,2,87,4,29,0,0,0,1
7,1,9,21,4,17,2,2,87,4,29,0,0,0,1
7,1,9,21,7,17,2,2,87,4,29,0,0,0,1
7,1,9,21,10,17,2,2,87,4,29,0,0,0,1
7,1,9,21,13,17,2,2,87,4,29,0,0,0,1
7,1,9,21,16,17,2,2,87,4,29,0,0,0,1
7,1,9,21,19,17,2,2,91,4,29,0,0,0,1
7,1,9,21,22,17,2,2,91,4,29,0,0,0,1
7,1,9,21,25,17,2,2,91,4,29,0,0,0,1
7,1,9,21,28,17,2,2,91,4,29,0,0,0,1
7,1,9,21,31,17,2,2,91,4,29,0,0,0,1
7,1,9,21,34,17,2,2,91,4,29,0,0,0,1
7,1,9,21,37,17,2,2,91,4,29,0,0,0,1
7,1,9,21,40,17,2,2,91,4,29,0,0,0,1
7,1,9,21,43,17,2,2,91,4,29,0,0,0,1
7,1,9,21,46,17,2,2,91,4,29,0,0,0,1
7,1,9,21,49,16,5,2,91,3,27,0,0,0,1
7,1,9,21,52,16,5,2,91,3,27,0,0,0,1
7,1,9,21,55,16,5,2,91,3,27,0,0,0,1
7,1,9,21,58,16,5,2,91,3,27,0,0,0,1
7,1,9,22,1,16,5,2,91,3,27,0,0,0,1
7,1,9,22,4,16,5,2,91,3,27,0,0,0,1
7,1,9,22,7,16,5,2,91,3,27,0,0,0,1
7,1,9,22,10,16,5,2,91,3,27,0,0,0,1
7,1,9,22,13,16,5,2,91,3,27,0,0,0,1
7,1,9,22,16,16,5,2,91,3,27,0,0,0,1
7,1,9,22,19,16,5,2,91,3,27,0,0,0,1
7,1,9,22,22,16,5,2,91,3,27,0,0,0,1
7,1,9,22,26,16,5,2,91,3,27,0,0,0,1
7,1,9,22,29,16,5,2,91,3,27,0,0,0,1
7,1,9,22,32,16,5,2,91,3,27,0,0,0,1
7,1,9,22,35,16,5,2,91,3,27,0,0,0,1
7,1,9,22,38,16,5,2,91,3,27,0,0,0,1
7,1,9,22,41,16,5,2,92,3,27,0,0,0,1
7,1,9,22,44,16,5,2,92,3,27,0,0,0,1
7,1,9,22,51,16,5,2,92,3,27,0,0,0,1
7,1,9,22,54,16,5,2,92,3,27,0,0,0,1
7,1,9,23,17,16,5,2,92,3,27,0,0,0,1
7,1,9,23,21,16,5,2,92,3,27,0,0,0,1
7,1,9,23,24,16,5,2,92,3,27,0,0,0,1
7,1,9,23,27,16,5,2,92,3,27,0,0,0,1
7,1,9,23,31,16,5,2,92,3,27,0,0,0,1
7,1,9,23,35,16,5,2,92,3,27,0,0,0,1
7,1,9,23,42,16,5,2,92,3,27,0,0,0,1
1,2,9,10,15,17,1,1,78,6,28,0,0,0,1
1,2,9,10,18,17,1,1,78,6,28,0,0,0,1
1,2,9,10,21,17,1,1,78,6,28,0,0,0,1
1,2,9,10,24,17,1,1,78,6,28,0,0,0,1
1,2,9,10,27,17,1,1,78,6,28,0,0,0,1
1,2,9,10,30,17,1,1,78,6,28,0,0,0,1
1,2,9,10,33,17,1,1,78,6,28,0,0,0,1
1,2,9,10,36,17,1,1,78,6,28,0,0,0,1
1,2,9,10,39,21,1,1,60,6,26,0,0,0,1
1,2,9,10,42,21,1,1,60,6,26,0,0,0,1
1,2,9,10,45,21,1,1,60,6,26,0,0,0,1
1,2,9,10,48,21,1,1,60,6,26,0,0,0,1
1,2,9,10,51,21,1,1,60,6,26,0,0,0,1
1,2,9,10,54,21,1,1,60,6,26,0,0,0,1
1,2,9,10,57,21,1,1,60,6,26,0,0,0,1
1,2,9,11,0,21,1,1,60,6,26,0,0,0,1
1,2,9,11,3,21,1,1,60,6,26,0,0,0,1
1,2,9,11,6,21,1,1,60,6,26,0,0,0,1
1,2,9,11,10,21,1,1,60,6,26,0,0,0,1
1,2,9,11,13,21,1,1,60,6,26,0,0,0,1
1,2,9,11,16,21,1,1,60,6,26,0,0,0,1
1,2,9,11,19,21,1,1,60,6,26,0,0,0,1
1,2,9,11,22,21,1,1,60,6,26,0,0,0,1
1,2,9,11,25,21,1,1,60,6,26,0,0,0,1
1,2,9,11,28,21,1,1,60,6,26,0,0,0,1
1,2,9,11,31,21,1,1,60,6,26,0,0,0,1
1,2,9,11,34,21,1,1,60,6,26,0,0,0,1
1,2,9,11,37,21,1,1,60,6,26,0,0,0,1
1,2,9,11,40,21,1,1,60,6,26,0,0,0,1
1,2,9,11,43,21,1,1,60,6,26,0,0,0,1
1,2,9,11,46,21,1,1,60,6,26,0,0,0,1
1,2,9,11,49,21,1,1,60,6,26,0,0,0,1
1,2,9,11,52,21,1,1,60,6,26,0,0,0,1
1,2,9,11,55,21,1,1,60,6,26,0,0,0,1
1,2,9,11,58,23,1,1,55,6,28,0,0,0,1
1,2,9,12,1,23,1,1,55,6,28,0,0,0,1
1,2,9,12,4,23,1,1,55,6,28,0,0,0,1
1,2,9,12,7,23,1,1,55,6,28,0,0,0,1
1,2,9,12,10,23,1,1,55,6,28,0,0,0,1
1,2,9,12,13,23,1,1,55,6,28,0,0,0,1
1,2,9,12,16,23,1,1,55,6,28,0,0,0,1
1,2,9,12,19,23,1,1,55,6,28,0,0,0,1
1,2,9,12,22,23,1,1,55,6,28,0,0,0,1
1,2,9,12,25,23,1,1,55,6,28,0,0,0,1
1,2,9,12,28,23,1,1,55,6,28,0,0,0,1
1,2,9,12,31,23,1,1,55,6,28,0,0,0,1
1,2,9,12,35,23,1,1,55,6,28,0,0,0,1
1,2,9,12,38,23,1,1,55,6,28,0,0,0,1
1,2,9,12,41,24,1,1,50,6,28,0,0,0,1
1,2,9,12,44,24,1,1,50,6,28,0,0,0,1
1,2,9,12,47,24,1,1,50,6,28,0,0,0,1
1,2,9,12,50,24,1,1,50,6,28,0,0,0,1
1,2,9,12,53,24,1,1,50,6,28,0,0,0,1
1,2,9,12,56,24,1,1,50,6,28,0,0,0,1
1,2,9,12,59,24,1,1,50,6,28,0,0,0,1
1,2,9,13,2,24,1,1,50,6,28,0,0,0,1
1,2,9,13,5,24,1,1,50,6,28,0,0,0,1
1,2,9,13,8,24,1,1,50,6,28,0,0,0,1
1,2,9,13,11,24,1,1,50,6,28,0,0,0,1
1,2,9,13,14,24,1,1,50,6,28,0,0,0,1
1,2,9,13,17,24,1,1,50,6,28,0,0,0,1
1,2,9,13,20,24,1,1,50,6,28,0,0,0,1
1,2,9,13,23,24,1,1,50,6,28,0,0,0,1
1,2,9,13,26,24,1,1,50,6,28,0,0,0,1
1,2,9,13,29,24,1,1,50,6,28,0,0,0,1
1,2,9,13,32,24,1,1,50,6,28,0,0,0,1
1,2,9,13,35,24,1,1,50,6,28,0,0,0,1
1,2,9,13,38,24,1,1,50,6,28,0,0,0,1
1,2,9,13,41,26,1,1,47,6,28,0,0,0,1
1,2,9,13,44,26,1,1,47,6,28,0,0,0,1
1,2,9,13,47,26,1,1,47,6,28,0,0,0,1
1,2,9,13,50,26,1,1,47,6,28,0,0,0,1
1,2,9,13,54,26,1,1,47,6,28,0,0,0,1
1,2,9,13,57,26,1,1,47,6,28,0,0,0,1
1,2,9,14,0,26,1,1,47,6,28,0,0,0,1
1,2,9,14,3,26,1,1,47,6,28,0,0,0,1
1,2,9,14,6,26,1,1,47,6,28,0,0,0,1
1,2,9,14,9,26,1,1,47,6,28,0,0,0,1
1,2,9,14,12,26,1,1,47,6,28,0,0,0,1
1,2,9,14,15,26,1,1,47,6,28,0,0,0,1
1,2,9,14,18,26,1,1,47,6,28,0,0,0,1
1,2,9,14,21,26,1,1,47,6,28,0,0,0,1
1,2,9,14,24,26,1,1,47,6,28,0,0,0,1
1,2,9,14,27,26,1,1,47,6,28,0,0,0,1
1,2,9,14,30,26,1,1,47,6,28,0,0,0,1
1,2,9,14,33,26,1,1,47,6,28,0,0,0,1
1,2,9,14,36,26,1,1,47,6,28,0,0,0,1
1,2,9,14,39,26,1,1,47,6,28,0,0,0,1
1,2,9,14,42,26,1,1,47,6,28,0,0,0,1
1,2,9,14,45,26,1,1,47,6,28,0,0,0,1
1,2,9,14,48,26,1,1,47,6,28,0,0,0,1
1,2,9,14,51,26,1,1,43,6,28,0,0,0,1
1,2,9,14,54,26,1,1,43,6,28,0,0,0,1
1,2,9,14,57,26,1,1,43,6,28,0,0,0,1
1,2,9,15,0,26,1,1,43,6,28,0,0,0,1
1,2,9,15,3,26,1,1,43,6,28,0,0,0,1
1,2,9,15,6,26,1,1,43,6,28,0,0,0,1
1,2,9,15,10,26,1,1,43,6,28,0,0,0,1
1,2,9,15,13,26,1,1,43,6,28,0,0,0,1
1,2,9,15,16,26,1,1,43,6,28,0,0,0,1
1,2,9,15,19,26,1,1,43,6,28,0,0,0,1
1,2,9,15,22,26,1,1,43,6,28,0,0,0,1
1,2,9,15,25,26,1,1,43,6,28,0,0,0,1
1,2,9,15,28,26,1,1,43,6,28,0,0,0,1
1,2,9,15,31,26,1,1,43,6,28,0,0,0,1
1,2,9,15,34,26,1,1,43,6,28,0,0,0,1
1,2,9,15,37,26,1,1,43,6,28,0,0,0,1
1,2,9,15,40,26,1,1,43,6,28,0,0,0,1
1,2,9,15,43,26,1,1,43,6,28,0,0,0,1
1,2,9,15,46,26,1,1,43,6,28,0,0,0,1
1,2,9,15,49,26,1,1,44,6,28,0,0,0,1
1,2,9,15,52,26,1,1,44,6,28,0,0,0,1
1,2,9,15,55,26,1,1,44,6,28,0,0,0,1
1,2,9,15,58,26,1,1,44,6,28,0,0,0,1
1,2,9,16,1,26,1,1,44,6,28,0,0,0,1
1,2,9,16,4,26,1,1,44,6,28,0,0,0,1
1,2,9,16,7,26,1,1,44,6,28,0,0,0,1
1,2,9,16,10,26,1,1,44,6,28,0,0,0,1
1,2,9,16,13,26,1,1,44,6,28,0,0,0,1
1,2,9,16,17,26,1,1,44,6,28,0,0,0,1
1,2,9,16,20,26,1,1,44,6,28,0,0,0,1
1,2,9,16,23,26,1,1,44,6,28,0,0,0,1
1,2,9,19,58,19,1,2,79,6,26,0,0,0,1
2,3,9,7,39,15,3,1,95,2,12,0,0,0,1
2,3,9,21,28,12,7,2,81,3,33,0,1,0,0
2,3,9,21,31,12,7,2,81,3,33,0,1,0,0
2,3,9,21,34,11,7,2,85,3,33,0,1,0,0
2,3,9,21,37,11,7,2,85,3,33,0,1,0,0
2,3,9,21,40,11,7,2,85,3,33,0,1,0,0
2,3,9,21,43,11,7,2,85,3,33,0,1,0,0
2,3,9,21,46,11,7,2,85,3,33,0,1,0,0
2,3,9,21,49,11,7,2,85,3,33,0,1,0,0
2,3,9,21,52,11,7,2,85,3,33,0,1,0,0
2,3,9,22,30,11,7,2,85,3,33,0,0,1,0
2,3,9,22,33,11,7,2,85,3,33,0,0,1,0
2,3,9,22,36,11,2,2,86,4,29,0,0,1,0
2,3,9,22,39,11,2,2,86,4,29,0,0,1,0
2,3,9,22,42,11,2,2,86,4,29,0,0,1,0
2,3,9,22,45,11,2,2,86,4,29,0,0,0,1
2,3,9,22,48,11,2,2,86,4,29,0,0,0,1
2,3,9,22,51,11,2,2,86,4,29,0,0,1,0
2,3,9,22,55,11,2,2,86,4,29,0,0,1,0
3,4,9,8,1,11,1,1,90,6,28,0,0,0,1
3,4,9,8,4,11,1,1,90,6,28,0,0,1,0
3,4,9,8,8,11,1,1,90,6,28,0,0,1,0
3,4,9,8,11,11,1,1,90,6,28,0,0,0,1
3,4,9,8,14,11,1,1,90,6,28,0,0,0,1
3,4,9,8,17,11,1,1,90,6,28,0,0,0,1
3,4,9,8,20,11,1,1,90,6,28,0,0,0,1
3,4,9,8,23,11,1,1,90,6,28,0,0,0,1
3,4,9,8,26,11,1,1,90,6,28,0,0,1,0
3,4,9,8,29,11,1,1,90,6,28,0,0,1,0
3,4,9,8,32,11,1,1,90,6,28,0,0,1,0
3,4,9,8,35,11,1,1,90,6,28,0,0,0,1
3,4,9,8,38,11,1,1,90,6,28,0,0,0,1
3,4,9,8,41,11,1,1,90,6,28,0,0,0,1
3,4,9,8,44,11,1,1,90,6,28,0,0,0,1
3,4,9,8,47,11,1,1,86,6,28,0,0,1,0
3,4,9,8,50,11,1,1,86,6,28,0,0,1,0
3,4,9,8,53,11,1,1,86,6,28,0,0,1,0
3,4,9,8,56,11,1,1,86,6,28,0,0,1,0
3,4,9,8,59,11,1,1,86,6,28,0,0,1,0
3,4,9,9,43,11,1,1,86,6,28,0,0,1,0
3,4,9,9,46,11,1,1,86,6,28,0,0,1,0
3,4,9,9,49,12,2,1,80,5,30,0,0,1,0
3,4,9,9,52,12,2,1,80,5,30,0,0,1,0
3,4,9,9,55,12,2,1,80,5,30,0,0,1,0
3,4,9,9,58,12,2,1,80,5,30,0,0,1,0
3,4,9,10,1,12,2,1,80,5,30,0,0,1,0
3,4,9,10,4,12,2,1,80,5,30,0,0,1,0
3,4,9,10,7,12,2,1,80,5,30,0,0,1,0
3,4,9,10,10,12,2,1,80,5,30,0,0,1,0
3,4,9,10,13,12,2,1,80,5,30,0,0,1,0
3,4,9,10,17,12,2,1,80,5,30,0,0,1,0
3,4,9,10,20,12,2,1,80,5,30,0,0,1,0
3,4,9,10,23,12,2,1,80,5,30,0,0,1,0
3,4,9,10,28,12,2,1,80,5,30,0,0,1,0
3,4,9,10,31,12,2,1,80,5,30,0,0,1,0
3,4,9,10,34,12,2,1,80,5,30,0,0,1,0
3,4,9,10,37,12,2,1,80,5,30,0,0,1,0
3,4,9,10,40,12,2,1,80,5,30,0,0,1,0
3,4,9,10,43,12,2,1,80,5,30,0,0,1,0
3,4,9,10,46,12,2,1,80,5,30,0,0,1,0
3,4,9,10,51,13,2,1,75,5,30,0,0,1,0
3,4,9,10,54,13,2,1,75,5,30,0,0,1,0
3,4,9,10,57,13,2,1,75,5,30,0,0,1,0
3,4,9,11,0,13,2,1,75,5,30,0,0,1,0
3,4,9,11,4,13,2,1,75,5,30,0,1,0,0
3,4,9,11,9,13,2,1,75,5,30,0,1,0,0
3,4,9,11,14,13,2,1,75,5,30,0,1,0,0
3,4,9,11,17,13,2,1,75,5,30,0,1,0,0
3,4,9,11,20,13,2,1,75,5,30,0,1,0,0
3,4,9,11,23,13,2,1,75,5,30,0,1,0,0
3,4,9,11,26,13,2,1,75,5,30,0,0,0,1
3,4,9,11,29,13,2,1,75,5,30,0,0,0,1
3,4,9,11,32,13,2,1,75,5,30,0,0,0,1
3,4,9,11,35,13,2,1,75,5,30,0,0,0,1
3,4,9,11,38,13,2,1,75,5,30,0,0,0,1
3,4,9,11,41,13,2,1,75,5,30,0,0,0,1
3,4,9,11,44,13,2,1,75,5,30,0,0,0,1
3,4,9,11,48,13,2,1,75,5,30,0,0,0,1
3,4,9,11,51,15,2,1,70,5,30,0,0,0,1
3,4,9,11,54,15,2,1,70,5,30,0,0,0,1
3,4,9,11,57,15,2,1,70,5,30,0,0,0,1
3,4,9,12,0,15,2,1,70,5,30,0,0,0,1
3,4,9,12,2,15,2,1,70,5,30,0,0,0,1
3,4,9,12,5,15,2,1,70,5,30,0,0,0,1
3,4,9,12,9,15,2,1,70,5,30,0,0,1,0
3,4,9,12,12,15,2,1,70,5,30,0,0,1,0
3,4,9,12,16,15,2,1,70,5,30,0,0,1,0
3,4,9,12,19,15,2,1,70,5,30,0,0,0,1
3,4,9,12,23,15,2,1,70,5,30,0,0,0,1
3,4,9,12,35,15,2,1,70,5,30,0,0,0,1
3,4,9,12,38,15,2,1,70,5,30,0,0,0,1
3,4,9,12,41,15,2,1,70,5,30,0,0,0,1
3,4,9,12,44,15,2,1,70,5,30,0,0,0,1
3,4,9,12,47,15,2,1,70,5,30,0,0,0,1
3,4,9,12,50,15,2,1,70,5,30,0,0,0,1
3,4,9,12,53,15,2,1,70,5,30,0,0,0,1
3,4,9,12,59,15,2,1,65,5,30,0,0,0,1
3,4,9,13,2,15,2,1,65,5,30,0,0,0,1
3,4,9,13,5,15,2,1,65,5,30,0,0,0,1
3,4,9,13,8,15,2,1,65,5,30,0,0,0,1
3,4,9,13,11,15,2,1,65,5,30,0,0,0,1
3,4,9,13,14,15,2,1,65,5,30,0,0,0,1
3,4,9,13,17,15,2,1,65,5,30,0,0,1,0
3,4,9,13,20,15,2,1,65,5,30,0,0,1,0
3,4,9,13,23,15,2,1,65,5,30,0,0,0,1
3,4,9,13,26,15,2,1,65,5,30,0,0,0,1
3,4,9,13,34,15,2,1,65,5,30,0,0,0,1
3,4,9,13,37,15,2,1,65,5,30,0,0,0,1
3,4,9,13,40,15,2,1,65,5,30,0,0,1,0
3,4,9,13,43,15,2,1,65,5,30,0,0,1,0
3,4,9,13,46,15,2,1,65,5,30,0,0,1,0
3,4,9,13,49,15,2,1,65,5,30,0,0,1,0
3,4,9,13,52,15,2,1,65,5,30,0,0,1,0
3,4,9,13,56,15,2,1,65,5,30,0,0,1,0
3,4,9,13,59,15,2,1,65,5,30,0,0,1,0
3,4,9,14,2,15,3,1,65,2,11,0,0,1,0
3,4,9,14,5,15,3,1,65,2,11,0,0,1,0
3,4,9,14,8,15,3,1,65,2,11,0,0,1,0
3,4,9,14,11,15,3,1,65,2,11,0,0,1,0
3,4,9,14,14,15,3,1,65,2,11,0,0,1,0
3,4,9,14,17,15,3,1,65,2,11,0,0,1,0
3,4,9,14,20,15,3,1,65,2,11,0,0,1,0
3,4,9,14,23,15,3,1,65,2,11,0,0,1,0
3,4,9,14,26,15,3,1,65,2,11,0,0,1,0
3,4,9,14,29,15,3,1,65,2,11,0,0,1,0
3,4,9,14,32,15,3,1,65,2,11,0,0,1,0
3,4,9,14,35,15,3,1,65,2,11,0,0,1,0
3,4,9,14,38,15,3,1,65,2,11,0,0,1,0
3,4,9,14,41,15,3,1,65,2,11,0,0,1,0
3,4,9,14,44,15,3,1,65,2,11,0,0,1,0
3,4,9,14,47,15,3,1,65,2,11,0,0,0,1
3,4,9,14,50,15,3,1,65,2,11,0,0,1,0
3,4,9,14,56,15,3,1,65,2,11,0,0,1,0
3,4,9,14,59,15,3,1,65,2,11,0,0,1,0
3,4,9,15,2,15,3,1,66,2,11,0,0,1,0
3,4,9,15,5,15,3,1,66,2,11,0,0,1,0
3,4,9,15,10,15,3,1,66,2,11,0,0,1,0
3,4,9,15,35,13,3,1,68,2,11,0,0,1,0
3,4,9,15,38,13,3,1,68,2,11,0,0,1,0
3,4,9,15,41,13,3,1,68,2,11,0,0,1,0
3,4,9,15,44,13,3,1,68,2,11,0,0,1,0
3,4,9,15,47,13,3,1,68,2,11,0,0,1,0
3,4,9,15,50,13,3,1,68,2,11,0,0,1,0
3,4,9,15,53,13,3,1,68,2,11,0,0,1,0
3,4,9,15,56,13,3,1,68,2,11,0,0,1,0
3,4,9,16,19,13,3,1,68,2,11,0,0,1,0
3,4,9,16,22,13,3,1,68,2,11,0,0,1,0
3,4,9,16,25,13,3,1,68,2,11,0,0,1,0
3,4,9,16,28,13,3,1,68,2,11,0,0,1,0
3,4,9,16,31,13,3,1,68,2,11,0,0,1,0
3,4,9,16,34,13,2,1,73,5,30,0,0,1,0
3,4,9,16,37,13,2,1,73,5,30,0,0,1,0
3,4,9,16,41,13,2,1,73,5,30,0,0,1,0
3,4,9,16,50,13,2,1,73,5,30,0,0,1,0
3,4,9,16,53,13,2,1,73,5,30,0,0,1,0
3,4,9,16,56,13,2,1,73,5,30,0,0,1,0
3,4,9,16,59,13,2,1,73,5,30,0,0,1,0
3,4,9,17,2,13,2,1,73,5,30,0,0,1,0
3,4,9,17,5,13,2,1,73,5,30,0,0,1,0
3,4,9,17,8,13,2,1,73,5,30,0,0,1,0
3,4,9,17,11,13,2,1,73,5,30,0,0,1,0
3,4,9,17,14,13,2,1,73,5,30,0,0,1,0
3,4,9,17,17,13,2,1,73,5,30,0,0,1,0
3,4,9,17,20,13,2,1,73,5,30,0,0,1,0
3,4,9,17,23,13,2,1,73,5,30,0,0,1,0
3,4,9,17,26,13,2,1,73,5,30,0,0,1,0
3,4,9,17,29,13,2,1,73,5,30,0,0,1,0
3,4,9,17,32,12,2,1,76,5,30,0,0,1,0
3,4,9,17,35,12,2,1,76,5,30,0,0,1,0
3,4,9,17,39,12,2,1,76,5,30,0,0,1,0
3,4,9,17,42,12,2,1,76,5,30,0,1,0,0
3,4,9,17,45,12,2,1,76,5,30,0,1,0,0
3,4,9,17,48,12,2,1,76,5,30,0,1,0,0
3,4,9,17,51,12,2,1,76,5,30,0,1,0,0
3,4,9,17,54,12,2,1,76,5,30,0,1,0,0
3,4,9,17,57,12,2,1,76,5,30,0,1,0,0
3,4,9,18,0,12,2,1,76,5,30,0,1,0,0
3,4,9,18,3,12,2,1,76,5,30,0,1,0,0
3,4,9,18,6,12,2,1,76,5,30,0,1,0,0
3,4,9,18,9,12,2,1,76,5,30,0,1,0,0
3,4,9,18,12,12,2,1,76,5,30,0,1,0,0
3,4,9,18,15,12,2,1,76,5,30,0,1,0,0
3,4,9,18,21,12,2,1,76,5,30,0,1,0,0
3,4,9,18,24,12,2,1,76,5,30,0,1,0,0
3,4,9,18,27,12,2,1,76,5,30,0,1,0,0
3,4,9,18,30,12,2,1,76,5,30,0,1,0,0
3,4,9,18,33,12,2,1,76,5,30,0,0,0,1
3,4,9,18,36,12,2,1,76,5,30,0,0,1,0
3,4,9,18,39,12,2,1,76,5,30,0,0,1,0
3,4,9,18,42,12,2,1,76,5,30,0,0,1,0
3,4,9,18,45,12,2,2,83,4,30,0,0,1,0
3,4,9,18,48,12,2,2,83,4,30,0,0,1,0
3,4,9,18,51,12,2,2,83,4,30,0,0,1,0
3,4,9,19,4,12,2,2,83,4,30,0,0,1,0
3,4,9,19,7,12,2,2,83,4,30,0,0,1,0
3,4,9,19,10,12,2,2,83,4,30,0,0,1,0
3,4,9,19,13,12,2,2,83,4,30,0,0,1,0
3,4,9,19,16,12,2,2,83,4,30,0,0,1,0
3,4,9,19,20,12,2,2,83,4,30,0,0,1,0
3,4,9,19,23,12,2,2,83,4,30,0,0,1,0
3,4,9,19,26,12,2,2,83,4,30,0,0,1,0
3,4,9,19,29,12,2,2,83,4,30,0,0,1,0
3,4,9,19,32,12,2,2,83,4,30,0,0,1,0
3,4,9,19,35,12,2,2,83,4,30,0,0,1,0
3,4,9,19,38,12,2,2,83,4,30,0,1,0,0
3,4,9,19,55,11,2,2,86,4,29,0,1,0,0
3,4,9,20,45,11,2,2,86,4,29,0,1,0,0
3,4,9,20,49,11,2,2,86,4,29,0,1,0,0
3,4,9,20,52,11,2,2,86,4,29,0,1,0,0
3,4,9,20,55,11,2,2,86,4,29,0,1,0,0
3,4,9,20,58,11,2,2,86,4,29,0,1,0,0
3,4,9,21,1,11,2,2,87,4,29,0,1,0,0
3,4,9,21,4,11,2,2,87,4,29,0,1,0,0
3,4,9,21,8,11,2,2,87,4,29,0,1,0,0
3,4,9,21,18,11,2,2,87,4,29,0,0,1,0
3,4,9,21,21,11,2,2,87,4,29,0,0,1,0
3,4,9,21,24,11,2,2,87,4,29,0,0,1,0
3,4,9,21,27,11,2,2,87,4,29,0,0,1,0
3,4,9,21,30,11,2,2,87,4,29,0,0,1,0
3,4,9,21,33,11,2,2,87,4,29,0,0,1,0
3,4,9,21,36,11,2,2,87,4,29,0,0,1,0
3,4,9,21,39,11,2,2,87,4,29,0,0,1,0
3,4,9,21,42,10,7,2,89,3,33,0,0,1,0
3,4,9,21,47,10,7,2,89,3,33,0,0,1,0
3,4,9,21,50,10,7,2,89,3,33,0,0,1,0
3,4,9,21,54,10,7,2,89,3,33,0,1,0,0
3,4,9,21,57,10,7,2,89,3,33,0,1,0,0
3,4,9,22,0,10,7,2,89,3,33,0,1,0,0
3,4,9,22,3,10,7,2,89,3,33,0,1,0,0
3,4,9,22,6,10,7,2,89,3,33,0,1,0,0
3,4,9,22,9,10,7,2,89,3,33,0,1,0,0
3,4,9,22,12,10,7,2,89,3,33,0,0,0,1
3,4,9,22,15,10,7,2,89,3,33,0,0,0,1
3,4,9,22,18,10,7,2,89,3,33,0,0,0,1
3,4,9,22,21,10,7,2,89,3,33,0,0,0,1
3,4,9,22,24,10,7,2,89,3,33,0,0,0,1
3,4,9,22,27,10,7,2,89,3,33,0,0,0,1
3,4,9,22,30,10,7,2,89,3,33,0,0,0,1
4,5,9,13,29,14,2,1,61,5,30,0,0,0,1
4,5,9,13,32,14,2,1,61,5,30,0,0,0,1
4,5,9,13,35,14,2,1,61,5,30,0,0,0,1
4,5,9,13,38,14,2,1,61,5,30,0,0,0,1
4,5,9,13,41,14,2,1,61,5,30,0,0,0,1
4,5,9,13,44,14,2,1,61,5,30,0,0,0,1
4,5,9,13,48,14,2,1,61,5,30,0,0,0,1
4,5,9,14,14,15,2,1,60,5,30,0,0,0,1
4,5,9,14,14,15,2,1,60,5,30,0,0,0,1
4,5,9,14,17,15,2,1,60,5,30,0,0,0,1
4,5,9,14,20,15,2,1,60,5,30,0,0,0,1
4,5,9,14,23,15,2,1,60,5,30,0,0,0,1
4,5,9,14,26,15,2,1,60,5,30,0,0,0,1
4,5,9,14,29,15,2,1,60,5,30,0,0,0,1
4,5,9,14,32,15,2,1,60,5,30,0,0,0,1
4,5,9,14,35,15,2,1,60,5,30,0,0,0,1
4,5,9,14,38,15,2,1,60,5,30,0,0,0,1
4,5,9,14,47,15,2,1,60,5,30,0,0,1,0
4,5,9,14,56,15,2,1,60,5,30,0,0,1,0
4,5,9,15,0,15,2,1,60,5,30,0,0,1,0
4,5,9,15,3,15,2,1,60,5,30,0,0,1,0
4,5,9,15,6,15,2,1,60,5,30,0,0,1,0
4,5,9,15,9,15,2,1,60,5,30,0,0,1,0
4,5,9,15,12,15,2,1,60,5,30,0,0,1,0
4,5,9,15,15,15,2,1,60,5,30,0,0,1,0
4,5,9,15,18,15,2,1,60,5,30,0,0,1,0
4,5,9,15,21,15,2,1,60,5,30,0,1,0,0
4,5,9,15,24,15,2,1,60,5,30,0,1,0,0
4,5,9,15,27,15,2,1,60,5,30,0,1,0,0
4,5,9,15,30,15,2,1,60,5,30,0,1,0,0
4,5,9,15,33,15,2,1,60,5,30,0,1,0,0
4,5,9,15,36,15,2,1,60,5,30,0,1,0,0
4,5,9,15,39,15,2,1,60,5,30,0,1,0,0
4,5,9,15,43,15,2,1,60,5,30,0,1,0,0
4,5,9,15,49,15,2,1,60,5,30,0,1,0,0
4,5,9,15,52,15,2,1,60,5,30,0,1,0,0
4,5,9,15,55,15,2,1,60,5,30,0,1,0,0
4,5,9,15,58,15,2,1,60,5,30,0,1,0,0
4,5,9,16,1,14,2,1,61,5,30,0,1,0,0
4,5,9,16,4,14,2,1,61,5,30,0,1,0,0
4,5,9,17,0,13,2,1,65,5,30,0,0,0,1
4,5,9,17,3,13,2,1,65,5,30,0,0,0,1
4,5,9,17,6,13,2,1,65,5,30,0,0,0,1
4,5,9,17,10,13,2,1,65,5,30,0,0,0,1
4,5,9,17,13,13,2,1,65,5,30,0,0,0,1
4,5,9,17,16,13,2,1,65,5,30,0,0,0,1
4,5,9,17,19,13,2,1,65,5,30,0,0,0,1
4,5,9,17,22,13,2,1,65,5,30,0,0,0,1
4,5,9,17,27,13,2,1,65,5,30,0,0,0,1
4,5,9,17,30,13,2,1,65,5,30,0,0,0,1
4,5,9,17,33,12,2,1,70,5,30,0,0,0,1
4,5,9,17,36,12,2,1,70,5,30,0,0,0,1
4,5,9,20,4,10,7,2,85,3,33,0,1,0,0
4,5,9,20,7,10,7,2,85,3,33,0,1,0,0
4,5,9,20,10,10,7,2,85,3,33,0,1,0,0
4,5,9,20,13,10,7,2,85,3,33,0,1,0,0
4,5,9,20,16,10,7,2,85,3,33,0,1,0,0
4,5,9,20,19,10,7,2,85,3,33,0,1,0,0
4,5,9,20,23,10,7,2,85,3,33,0,1,0,0
4,5,9,20,26,10,7,2,85,3,33,0,1,0,0
4,5,9,20,29,10,7,2,85,3,33,0,1,0,0
4,5,9,20,32,9,7,2,90,3,33,0,1,0,0
4,5,9,20,35,9,7,2,90,3,33,0,1,0,0
4,5,9,20,38,9,7,2,90,3,33,0,1,0,0
4,5,9,20,41,9,7,2,90,3,33,0,1,0,0
4,5,9,20,44,9,7,2,90,3,33,0,1,0,0
4,5,9,21,1,9,7,2,90,3,33,0,1,0,0
4,5,9,21,4,9,7,2,90,3,33,0,1,0,0
4,5,9,21,7,9,7,2,90,3,33,0,1,0,0
4,5,9,21,13,9,7,2,90,3,33,0,1,0,0
4,5,9,21,16,9,7,2,90,3,33,0,1,0,0
1,9,9,18,21,16,2,1,77,5,30,0,0,0,1
1,9,9,18,24,16,2,1,77,5,30,0,0,0,1
1,9,9,18,28,16,2,1,77,5,30,0,0,0,1
1,9,9,18,31,16,2,1,77,5,30,0,0,0,1
1,9,9,18,34,16,2,1,77,5,30,0,0,0,1
1,9,9,18,37,16,2,1,77,5,30,0,0,0,1
1,9,9,18,40,16,2,1,77,5,30,0,0,0,1
1,9,9,18,43,16,2,1,77,5,30,0,0,0,1
1,9,9,18,46,16,2,1,77,5,30,0,0,0,1
1,9,9,18,49,16,2,1,77,5,30,0,0,0,1
1,9,9,18,52,16,2,1,77,5,30,0,0,0,1
1,9,9,18,55,13,2,2,87,4,30,0,0,0,1
1,9,9,18,58,13,2,2,87,4,30,0,0,0,1
1,9,9,19,1,13,2,2,87,4,30,0,0,0,1
1,9,9,19,4,13,2,2,87,4,30,0,0,0,1
1,9,9,19,7,13,2,2,87,4,30,0,0,0,1
1,9,9,19,10,13,2,2,87,4,30,0,0,0,1
1,9,9,19,13,13,2,2,87,4,30,0,0,0,1
1,9,9,20,13,12,2,2,92,4,29,0,0,0,1
1,9,9,20,16,12,2,2,92,4,29,0,0,0,1
1,9,9,20,21,12,2,2,92,4,29,0,0,0,1
1,9,9,20,24,12,2,2,92,4,29,0,0,0,1
1,9,9,20,27,12,2,2,92,4,29,0,0,0,1
1,9,9,20,30,12,2,2,92,4,29,0,0,0,1
1,9,9,20,33,12,2,2,92,4,29,0,0,0,1
1,9,9,20,36,12,2,2,92,4,29,0,0,0,1
1,9,9,20,39,12,2,2,92,4,29,0,0,0,1
1,9,9,20,45,12,2,2,92,4,29,0,0,0,1
1,9,9,20,48,12,2,2,92,4,29,0,0,0,1
1,9,9,20,51,12,2,2,92,4,29,0,0,0,1
1,9,9,20,54,12,2,2,92,4,29,0,0,0,1
1,9,9,20,57,12,2,2,92,4,29,0,0,0,1
1,9,9,21,0,12,2,2,92,4,29,0,0,0,1
1,9,9,21,3,12,2,2,92,4,29,0,0,0,1
1,9,9,21,6,12,2,2,92,4,29,0,0,0,1
1,9,9,21,9,12,2,2,92,4,29,0,0,0,1
1,9,9,21,12,12,2,2,92,4,29,0,0,0,1
1,9,9,21,15,12,2,2,92,4,29,0,0,0,1
1,9,9,21,18,12,2,2,92,4,29,0,0,0,1
1,9,9,21,21,12,2,2,92,4,29,0,0,0,1
1,9,9,21,24,12,2,2,92,4,29,0,0,0,1
1,9,9,21,27,12,2,2,92,4,29,0,0,0,1
1,9,9,21,30,12,2,2,92,4,29,0,0,0,1
1,9,9,21,33,12,2,2,92,4,29,0,0,0,1
1,9,9,21,36,12,2,2,92,4,29,0,0,0,1
1,9,9,21,39,12,2,2,92,4,29,0,0,0,1
1,9,9,21,42,12,2,2,92,4,29,0,0,0,1
1,9,9,21,45,12,5,2,92,3,27,0,0,0,1
1,9,9,21,48,12,5,2,92,3,27,0,0,0,1
1,9,9,21,51,12,5,2,92,3,27,0,0,0,1
1,9,9,21,54,12,5,2,92,3,27,0,0,0,1
1,9,9,21,57,12,5,2,92,3,27,0,0,0,1
1,9,9,22,0,12,5,2,92,3,27,0,0,0,1
1,9,9,22,3,12,5,2,92,3,27,0,0,0,1
1,9,9,22,7,12,5,2,92,3,27,0,0,0,1
1,9,9,22,10,12,5,2,92,3,27,0,0,0,1
1,9,9,22,13,12,5,2,92,3,27,0,0,0,1
1,9,9,22,16,12,5,2,92,3,27,0,0,0,1
1,9,9,22,19,12,5,2,92,3,27,0,0,0,1
1,9,9,22,22,12,5,2,92,3,27,0,0,0,1
1,9,9,22,27,12,5,2,92,3,27,0,0,0,1
1,9,9,22,30,12,5,2,92,3,27,0,0,0,1
1,9,9,22,33,12,5,2,92,3,27,0,0,0,1
1,9,9,22,36,12,5,2,92,3,27,0,0,0,1
1,9,9,22,39,12,5,2,92,3,27,0,0,0,1
1,9,9,22,42,12,5,2,92,3,27,0,0,0,1
1,9,9,22,45,12,5,2,92,3,27,0,0,0,1
1,9,9,22,48,12,5,2,92,3,27,0,0,0,1
1,9,9,22,51,12,5,2,92,3,27,0,0,0,1
1,9,9,22,54,12,5,2,92,3,27,0,0,0,1
1,9,9,22,57,12,5,2,92,3,27,0,0,0,1
1,9,9,23,0,12,5,2,92,3,27,0,0,0,1
1,9,9,23,3,12,5,2,92,3,27,0,0,0,1
1,9,9,23,6,12,5,2,92,3,27,0,0,0,1
1,9,9,23,9,12,5,2,92,3,27,0,0,0,1
1,9,9,23,12,12,5,2,92,3,27,0,0,0,1
1,9,9,23,15,12,5,2,92,3,27,0,0,0,1
1,9,9,23,19,12,5,2,92,3,27,0,0,0,1
1,9,9,23,22,12,5,2,93,3,27,0,0,0,1
1,9,9,23,25,12,5,2,93,3,27,0,0,0,1
1,9,9,23,28,12,5,2,93,3,27,0,0,0,1
1,9,9,23,31,12,5,2,93,3,27,0,0,0,1
1,9,9,23,34,12,5,2,93,3,27,0,0,0,1
1,9,9,23,37,12,5,2,93,3,27,0,0,0,1
1,9,9,23,40,12,5,2,93,3,27,0,0,0,1
1,9,9,23,43,12,5,2,93,3,27,0,0,0,1
1,9,9,23,46,12,5,2,93,3,27,0,0,0,1
1,9,9,23,49,12,5,2,93,3,27,0,0,0,1
1,9,9,23,52,12,5,2,93,3,27,0,0,0,1
1,9,9,23,55,12,5,2,93,3,27,0,0,0,1
1,9,9,23,58,12,5,2,93,3,27,0,0,0,1
2,10,9,0,1,12,5,2,93,3,27,0,0,0,1
2,10,9,0,4,12,5,2,93,3,27,0,0,0,1
2,10,9,0,9,12,5,2,93,3,27,0,0,0,1
2,10,9,0,12,12,5,2,93,3,27,0,0,0,1
2,10,9,0,15,12,5,2,93,3,27,0,0,0,1
2,10,9,0,18,12,5,2,93,3,27,0,0,0,1
2,10,9,0,21,12,5,2,93,3,27,0,0,0,1
2,10,9,0,24,12,5,2,93,3,27,0,0,0,1
2,10,9,0,27,12,5,2,93,3,27,0,0,0,1
2,10,9,0,31,12,5,2,93,3,27,0,0,0,1
2,10,9,0,34,12,5,2,93,3,27,0,0,0,1
2,10,9,0,37,12,5,2,93,3,27,0,0,0,1
2,10,9,0,40,12,5,2,93,3,27,0,0,0,1
2,10,9,0,43,12,5,2,93,3,27,0,0,0,1
2,10,9,0,46,12,5,2,93,3,27,0,0,0,1
2,10,9,0,49,12,5,2,93,3,27,0,0,0,1
2,10,9,0,52,12,5,2,93,3,27,0,0,0,1
2,10,9,0,55,12,5,2,93,3,27,0,0,0,1
2,10,9,0,58,12,5,2,93,3,27,0,0,0,1
2,10,9,1,3,12,5,2,93,3,27,0,0,0,1
2,10,9,1,6,12,5,2,93,3,27,0,0,0,1
2,10,9,1,11,12,5,2,93,3,27,0,0,0,1
2,10,9,1,14,12,5,2,93,3,27,0,0,0,1
2,10,9,1,17,12,5,2,93,3,27,0,0,0,1
2,10,9,1,20,12,5,2,93,3,27,0,0,0,1
2,10,9,1,23,11,5,2,95,3,27,0,0,0,1
2,10,9,1,26,11,5,2,95,3,27,0,0,0,1
2,10,9,1,30,11,5,2,95,3,27,0,0,0,1
2,10,9,1,33,11,5,2,95,3,27,0,0,0,1
2,10,9,1,36,11,5,2,95,3,27,0,0,0,1
2,10,9,1,39,11,5,2,95,3,27,0,0,0,1
2,10,9,1,42,11,5,2,95,3,27,0,0,0,1
2,10,9,1,45,11,5,2,95,3,27,0,0,0,1
2,10,9,1,48,11,5,2,95,3,27,0,0,0,1
2,10,9,1,51,11,5,2,95,3,27,0,0,0,1
2,10,9,1,54,11,5,2,95,3,27,0,0,0,1
2,10,9,1,57,11,5,2,95,3,27,0,0,0,1
2,10,9,2,0,11,5,2,95,3,27,0,0,0,1
2,10,9,2,3,11,5,2,95,3,27,0,0,0,1
2,10,9,2,6,11,5,2,95,3,27,0,0,0,1
2,10,9,2,9,11,5,2,95,3,27,0,0,0,1
2,10,9,2,12,11,5,2,95,3,27,0,0,0,1
2,10,9,2,15,11,5,2,95,3,27,0,0,0,1
2,10,9,2,18,11,5,2,95,3,27,0,0,0,1
2,10,9,2,21,11,5,2,95,3,27,0,0,0,1
2,10,9,2,24,11,5,2,95,3,27,0,0,0,1
2,10,9,2,27,11,5,2,95,3,27,0,0,0,1
2,10,9,2,30,11,5,2,95,3,27,0,0,0,1
2,10,9,2,33,11,5,2,95,3,27,0,0,0,1
2,10,9,2,36,11,5,2,95,3,27,0,0,0,1
2,10,9,2,39,11,5,2,95,3,27,0,0,0,1
2,10,9,2,42,11,5,2,95,3,27,0,0,0,1
2,10,9,2,45,11,5,2,95,3,27,0,0,0,1
2,10,9,2,48,11,5,2,95,3,27,0,0,0,1
2,10,9,2,51,11,5,2,95,3,27,0,0,0,1
2,10,9,2,54,11,5,2,95,3,27,0,0,0,1
2,10,9,2,58,11,5,2,95,3,27,0,0,0,1
2,10,9,3,1,11,5,2,95,3,27,0,0,0,1
2,10,9,3,4,11,5,2,95,3,27,0,0,0,1
2,10,9,3,7,11,5,2,95,3,27,0,0,0,1
2,10,9,3,10,11,5,2,95,3,27,0,0,0,1
2,10,9,3,13,11,5,2,95,3,27,0,0,0,1
2,10,9,3,16,11,5,2,95,3,27,0,0,0,1
2,10,9,3,19,11,5,2,95,3,27,0,0,0,1
2,10,9,3,22,11,5,2,95,3,27,0,0,0,1
2,10,9,3,25,11,5,2,95,3,27,0,0,0,1
2,10,9,3,28,11,5,2,95,3,27,0,0,0,1
2,10,9,3,31,11,5,2,95,3,27,0,0,0,1
2,10,9,3,34,11,5,2,95,3,27,0,0,0,1
2,10,9,3,37,11,5,2,95,3,27,0,0,0,1
2,10,9,3,42,11,5,2,95,3,27,0,0,0,1
2,10,9,3,45,11,5,2,95,3,27,0,0,0,1
2,10,9,3,48,11,5,2,95,3,27,0,0,0,1
2,10,9,3,51,11,5,2,95,3,27,0,0,0,1
2,10,9,3,54,11,5,2,95,3,27,0,0,0,1
2,10,9,3,57,11,5,2,95,3,27,0,0,0,1
2,10,9,4,0,11,5,2,95,3,27,0,0,0,1
2,10,9,4,3,11,5,2,95,3,27,0,0,0,1
2,10,9,4,6,11,5,2,95,3,27,0,0,0,1
2,10,9,4,10,11,5,2,95,3,27,0,0,0,1
2,10,9,4,13,11,5,2,95,3,27,0,0,0,1
2,10,9,4,16,11,5,2,95,3,27,0,0,0,1
2,10,9,4,19,11,5,2,95,3,27,0,0,0,1
2,10,9,4,22,11,5,2,95,3,27,0,0,0,1
2,10,9,4,25,11,5,2,95,3,27,0,0,0,1
2,10,9,4,28,11,5,2,95,3,27,0,0,0,1
2,10,9,4,31,11,5,2,95,3,27,0,0,0,1
2,10,9,4,34,11,5,2,95,3,27,0,0,0,1
2,10,9,4,37,11,5,2,95,3,27,0,0,0,1
2,10,9,4,40,11,5,2,95,3,27,0,0,0,1
2,10,9,4,43,11,5,2,95,3,27,0,0,0,1
2,10,9,7,9,11,5,1,95,1,27,0,0,0,1
2,10,9,7,58,12,1,1,91,6,28,0,0,0,1
2,10,9,8,1,12,1,1,91,6,28,0,0,0,1
2,10,9,8,4,12,1,1,91,6,28,0,0,0,1
2,10,9,8,7,12,1,1,91,6,28,0,0,0,1
2,10,9,8,10,12,1,1,91,6,28,0,0,0,1
2,10,9,8,13,12,1,1,91,6,28,0,0,0,1
2,10,9,8,16,12,1,1,91,6,28,0,0,0,1
2,10,9,8,19,12,1,1,91,6,28,0,0,0,1
2,10,9,8,22,12,1,1,91,6,28,0,0,0,1
2,10,9,8,25,12,1,1,91,6,28,0,0,0,1
2,10,9,8,28,12,1,1,91,6,28,0,0,0,1
2,10,9,8,31,12,1,1,91,6,28,0,0,0,1
2,10,9,8,34,12,1,1,91,6,28,0,0,0,1
2,10,9,8,37,12,1,1,91,6,28,0,0,0,1
2,10,9,8,40,12,1,1,91,6,28,0,0,0,1
2,10,9,8,43,13,1,1,85,6,28,0,0,0,1
2,10,9,8,46,13,1,1,85,6,28,0,0,0,1
2,10,9,8,49,13,1,1,85,6,28,0,0,0,1
2,10,9,8,54,13,1,1,85,6,28,0,0,0,1
2,10,9,8,57,13,1,1,85,6,28,0,0,0,1
2,10,9,9,0,13,1,1,85,6,28,0,0,0,1
2,10,9,9,4,13,1,1,85,6,28,0,0,0,1
2,10,9,9,7,13,1,1,85,6,28,0,0,0,1
2,10,9,9,10,13,1,1,85,6,28,0,0,0,1
2,10,9,9,13,13,1,1,85,6,28,0,0,0,1
2,10,9,9,16,13,1,1,85,6,28,0,0,0,1
2,10,9,9,19,13,1,1,85,6,28,0,0,0,1
2,10,9,9,24,13,1,1,85,6,28,0,0,0,1
2,10,9,9,27,13,1,1,85,6,28,0,0,0,1
2,10,9,9,30,13,1,1,85,6,28,0,0,0,1
2,10,9,9,33,13,1,1,85,6,28,0,0,0,1
2,10,9,9,36,13,1,1,85,6,28,0,0,0,1
2,10,9,9,39,13,1,1,85,6,28,0,0,0,1
2,10,9,9,42,15,1,1,78,6,28,0,0,0,1
2,10,9,9,45,15,1,1,78,6,28,0,0,0,1
2,10,9,9,48,15,1,1,78,6,28,0,0,0,1
2,10,9,9,51,15,1,1,78,6,28,0,0,0,1
2,10,9,9,54,15,1,1,78,6,28,0,0,0,1
2,10,9,9,57,15,1,1,78,6,28,0,0,0,1
2,10,9,10,0,15,1,1,78,6,28,0,0,0,1
2,10,9,10,3,15,1,1,78,6,28,0,0,0,1
2,10,9,10,6,15,1,1,78,6,28,0,0,0,1
2,10,9,10,9,15,1,1,78,6,28,0,0,0,1
2,10,9,10,12,15,1,1,78,6,28,0,0,0,1
2,10,9,10,16,15,1,1,78,6,28,0,0,0,1
2,10,9,10,19,15,1,1,78,6,28,0,0,0,1
2,10,9,10,22,15,1,1,78,6,28,0,0,0,1
2,10,9,10,25,15,1,1,78,6,28,0,0,0,1
2,10,9,10,28,15,1,1,78,6,28,0,0,0,1
2,10,9,10,31,15,1,1,78,6,28,0,0,0,1
2,10,9,10,34,15,1,1,78,6,28,0,0,0,1
2,10,9,10,37,15,1,1,78,6,28,0,0,0,1
2,10,9,10,40,15,1,1,78,6,28,0,0,0,1
2,10,9,10,43,15,1,1,78,6,28,0,0,0,1
2,10,9,10,46,16,1,1,75,6,28,0,0,0,1
2,10,9,10,49,16,1,1,75,6,28,0,0,0,1
2,10,9,10,52,16,1,1,75,6,28,0,0,0,1
2,10,9,10,55,16,1,1,75,6,28,0,0,0,1
2,10,9,10,58,16,1,1,75,6,28,0,0,0,1
2,10,9,11,1,16,1,1,75,6,28,0,0,0,1
2,10,9,11,4,16,1,1,75,6,28,0,0,0,1
2,10,9,11,7,16,1,1,75,6,28,0,0,0,1
2,10,9,11,10,16,1,1,75,6,28,0,0,0,1
2,10,9,11,13,16,1,1,75,6,28,0,0,0,1
2,10,9,11,16,16,1,1,75,6,28,0,0,0,1
2,10,9,11,19,16,1,1,75,6,28,0,0,0,1
2,10,9,11,22,16,1,1,75,6,28,0,0,0,1
2,10,9,11,25,16,1,1,75,6,28,0,0,0,1
2,10,9,11,28,16,1,1,75,6,28,0,0,0,1
2,10,9,11,31,16,1,1,75,6,28,0,0,0,1
2,10,9,11,34,16,1,1,75,6,28,0,0,0,1
2,10,9,11,37,16,1,1,75,6,28,0,0,0,1
2,10,9,11,40,16,1,1,75,6,28,0,0,0,1
2,10,9,11,44,16,1,1,75,6,28,0,0,0,1
2,10,9,11,47,16,1,1,70,6,28,0,0,0,1
2,10,9,11,50,16,1,1,70,6,28,0,0,0,1
2,10,9,11,53,16,1,1,70,6,28,0,0,0,1
2,10,9,11,56,16,1,1,70,6,28,0,0,0,1
2,10,9,11,59,16,1,1,70,6,28,0,0,0,1
2,10,9,12,2,16,1,1,70,6,28,0,0,0,1
2,10,9,12,5,16,1,1,70,6,28,0,0,0,1
2,10,9,12,10,16,1,1,70,6,28,0,0,0,1
2,10,9,12,15,16,1,1,70,6,28,0,0,0,1
2,10,9,12,18,16,1,1,70,6,28,0,0,0,1
2,10,9,12,21,16,1,1,70,6,28,0,0,0,1
2,10,9,12,24,16,1,1,70,6,28,0,0,0,1
2,10,9,12,27,16,1,1,70,6,28,0,0,0,1
2,10,9,12,30,16,1,1,70,6,28,0,0,0,1
2,10,9,12,33,16,1,1,70,6,28,0,0,0,1
2,10,9,12,36,16,1,1,70,6,28,0,0,0,1
2,10,9,12,39,16,1,1,70,6,28,0,0,0,1
2,10,9,12,43,16,1,1,70,6,28,0,0,0,1
2,10,9,12,46,17,1,1,70,6,28,0,0,0,1
2,10,9,12,49,17,1,1,70,6,28,0,0,0,1
2,10,9,12,52,17,1,1,70,6,28,0,0,0,1
2,10,9,12,55,17,1,1,70,6,28,0,0,0,1
2,10,9,12,58,17,1,1,70,6,28,0,0,0,1
2,10,9,13,1,17,1,1,70,6,28,0,0,0,1
2,10,9,13,4,17,1,1,70,6,28,0,0,0,1
2,10,9,13,7,17,1,1,70,6,28,0,0,0,1
2,10,9,13,10,17,1,1,70,6,28,0,0,0,1
2,10,9,13,13,17,1,1,70,6,28,0,0,0,1
2,10,9,13,16,17,1,1,70,6,28,0,0,0,1
2,10,9,13,19,17,1,1,70,6,28,0,0,0,1
2,10,9,13,22,17,1,1,70,6,28,0,0,0,1
2,10,9,13,25,17,1,1,70,6,28,0,0,0,1
2,10,9,13,28,17,1,1,70,6,28,0,0,0,1
2,10,9,13,31,17,1,1,70,6,28,0,0,0,1
2,10,9,13,34,17,1,1,70,6,28,0,0,0,1
2,10,9,13,37,17,1,1,70,6,28,0,0,0,1
2,10,9,13,40,17,1,1,70,6,28,0,0,0,1
2,10,9,13,43,17,1,1,70,6,28,0,0,0,1
2,10,9,13,46,17,1,1,70,6,28,0,0,0,1
2,10,9,13,49,18,1,1,67,6,28,0,0,0,1
2,10,9,13,52,18,1,1,67,6,28,0,0,0,1
2,10,9,13,55,18,1,1,67,6,28,0,0,0,1
2,10,9,13,58,18,1,1,67,6,28,0,0,0,1
2,10,9,14,4,18,1,1,67,6,28,0,0,0,1
2,10,9,14,7,18,1,1,67,6,28,0,0,0,1
2,10,9,14,10,18,1,1,67,6,28,0,0,0,1
2,10,9,14,13,18,1,1,67,6,28,0,0,0,1
2,10,9,14,16,18,1,1,67,6,28,0,0,0,1
2,10,9,14,19,18,1,1,67,6,28,0,0,0,1
2,10,9,14,22,18,1,1,67,6,28,0,0,0,1
2,10,9,14,25,18,1,1,67,6,28,0,0,0,1
2,10,9,14,28,18,1,1,67,6,28,0,0,0,1
2,10,9,14,31,18,1,1,67,6,28,0,0,0,1
2,10,9,14,34,18,1,1,67,6,28,0,0,0,1
2,10,9,14,37,18,1,1,67,6,28,0,0,0,1
2,10,9,14,40,18,1,1,67,6,28,0,0,0,1
2,10,9,14,43,18,1,1,67,6,28,0,0,0,1
2,10,9,14,46,18,1,1,67,6,28,0,0,0,1
2,10,9,14,49,18,1,1,67,6,28,0,0,0,1
2,10,9,14,52,18,1,1,68,6,28,0,0,0,1
2,10,9,14,55,18,1,1,68,6,28,0,0,0,1
2,10,9,14,58,18,1,1,68,6,28,0,0,0,1
2,10,9,15,1,18,1,1,68,6,28,0,0,0,1
2,10,9,15,4,18,1,1,68,6,28,0,0,0,1
2,10,9,15,7,18,1,1,68,6,28,0,0,0,1
2,10,9,15,10,18,1,1,68,6,28,0,0,0,1
2,10,9,15,13,18,1,1,68,6,28,0,0,0,1
2,10,9,15,16,18,1,1,68,6,28,0,0,0,1
2,10,9,15,19,18,1,1,68,6,28,0,0,0,1
2,10,9,15,22,18,1,1,68,6,28,0,0,0,1
2,10,9,15,26,18,1,1,68,6,28,0,0,0,1
2,10,9,15,29,18,1,1,68,6,28,0,0,0,1
2,10,9,15,32,18,1,1,68,6,28,0,0,0,1
2,10,9,15,35,18,1,1,68,6,28,0,0,0,1
2,10,9,15,38,18,1,1,68,6,28,0,0,0,1
2,10,9,15,41,18,1,1,68,6,28,0,0,0,1
2,10,9,15,44,18,1,1,68,6,28,0,0,0,1
2,10,9,15,47,18,1,1,68,6,28,0,0,0,1
2,10,9,15,50,18,1,1,68,6,28,0,0,0,1
2,10,9,15,53,17,1,1,71,6,28,0,0,0,1
2,10,9,15,56,17,1,1,71,6,28,0,0,0,1
2,10,9,15,59,17,1,1,71,6,28,0,0,0,1
2,10,9,16,2,17,1,1,71,6,28,0,0,0,1
2,10,9,16,5,17,1,1,71,6,28,0,0,0,1
2,10,9,16,8,17,1,1,71,6,28,0,0,0,1
2,10,9,16,11,17,1,1,71,6,28,0,0,0,1
2,10,9,16,14,17,1,1,71,6,28,0,0,0,1
2,10,9,16,17,17,1,1,71,6,28,0,0,0,1
2,10,9,16,20,17,1,1,71,6,28,0,0,0,1
2,10,9,16,23,17,1,1,71,6,28,0,0,0,1
2,10,9,16,26,17,1,1,71,6,28,0,0,0,1
2,10,9,16,29,17,1,1,71,6,28,0,0,0,1
2,10,9,16,33,17,1,1,71,6,28,0,0,0,1
2,10,9,16,36,17,1,1,71,6,28,0,0,0,1
2,10,9,16,39,17,1,1,71,6,28,0,0,0,1
2,10,9,16,42,17,1,1,71,6,28,0,0,0,1
2,10,9,16,45,17,1,1,71,6,28,0,0,0,1
2,10,9,16,48,17,1,1,71,6,28,0,0,0,1
2,10,9,16,51,17,1,1,71,6,28,0,0,0,1
2,10,9,16,54,16,1,1,74,6,28,0,0,0,1
2,10,9,16,57,16,1,1,74,6,28,0,0,0,1
2,10,9,17,1,16,1,1,74,6,28,0,0,0,1
2,10,9,17,4,16,1,1,74,6,28,0,0,0,1
2,10,9,17,7,16,1,1,74,6,28,0,0,0,1
2,10,9,17,10,16,1,1,74,6,28,0,0,0,1
2,10,9,17,13,16,1,1,74,6,28,0,0,0,1
2,10,9,17,16,16,1,1,74,6,28,0,0,0,1
